{
  "burgers": {
    "vanilla": {
      "n": 8,
      "var_ratio_mean": 0.7605960816144943,
      "var_ratio_std": 0.039676767169467435,
      "log_sp_mse_mean": 1.865455761551857,
      "log_sp_mse_std": 0.02522927240500078,
      "log_tp_mse_mean": 1.2181460410356522,
      "log_tp_mse_std": 0.014457524313017242,
      "rel_l2_mean": 0.5201367773115635,
      "rel_l2_std": 0.014589037659889082
    },
    "spectral": {
      "n": 8,
      "var_ratio_mean": 0.9594145566225052,
      "var_ratio_std": 0.052838135549043076,
      "log_sp_mse_mean": 0.16733238101005554,
      "log_sp_mse_std": 0.010229595525932235,
      "log_tp_mse_mean": 0.13546952605247498,
      "log_tp_mse_std": 0.006302368741076539,
      "rel_l2_mean": 0.7597469240427017,
      "rel_l2_std": 0.03282102250756157
    }
  },
  "heston": {
    "vanilla": {
      "n": 12,
      "var_ratio_mean": 0.19744878821074963,
      "var_ratio_std": 0.14689703431453957,
      "log_sp_mse_mean": 0.39075710127751034,
      "log_sp_mse_std": 0.23165228796073303,
      "log_tp_mse_mean": 0.9806232204039892,
      "log_tp_mse_std": 0.11617166893939836,
      "rel_l2_mean": 0.06026768498122692,
      "rel_l2_std": 0.0059209077423244385
    },
    "spectral": {
      "n": 12,
      "var_ratio_mean": 0.9523407220840454,
      "var_ratio_std": 0.04550782660663042,
      "log_sp_mse_mean": 0.5077553118268648,
      "log_sp_mse_std": 0.1633276127193752,
      "log_tp_mse_mean": 2.1101619228720665,
      "log_tp_mse_std": 1.7967637052339651,
      "rel_l2_mean": 1.5291740000247955,
      "rel_l2_std": 0.4265236725389809
    }
  },
  "ns2d": {
    "vanilla": {
      "n": 8,
      "var_ratio_mean": 0.99312424659729,
      "var_ratio_std": 0.005941905390572824,
      "log_sp_mse_mean": 26.7527859210968,
      "log_sp_mse_std": 0.2747714713522837,
      "log_tp_mse_mean": 1.1367293447256088,
      "log_tp_mse_std": 0.1541148505028454,
      "rel_l2_mean": 0.12024526577442884,
      "rel_l2_std": 0.0074223262329241
    },
    "spectral": {
      "n": 8,
      "var_ratio_mean": 0.9477399289608002,
      "var_ratio_std": 0.01923286791803598,
      "log_sp_mse_mean": 10.68560266494751,
      "log_sp_mse_std": 0.2630097574039918,
      "log_tp_mse_mean": 3.2446053624153137,
      "log_tp_mse_std": 0.5416017677276014,
      "rel_l2_mean": 0.6894581466913223,
      "rel_l2_std": 0.018946842725485365
    }
  },
  "bs_levy": {
    "vanilla": {
      "n": 8,
      "var_ratio_mean": 0.3670201487839222,
      "var_ratio_std": 0.07278429652158078,
      "log_sp_mse_mean": 0.8100219219923019,
      "log_sp_mse_std": 0.019138830590377954,
      "log_tp_mse_mean": 0.48543504998087883,
      "log_tp_mse_std": 0.14875362166241105,
      "rel_l2_mean": 0.04405766213312745,
      "rel_l2_std": 0.013061878087156715
    },
    "spectral": {
      "n": 8,
      "var_ratio_mean": 0.8150305300951004,
      "var_ratio_std": 0.16540082291359418,
      "log_sp_mse_mean": 0.11665020976215601,
      "log_sp_mse_std": 0.011405475430500822,
      "log_tp_mse_mean": 0.1750738825649023,
      "log_tp_mse_std": 0.029053223309646704,
      "rel_l2_mean": 0.061589579563587904,
      "rel_l2_std": 0.008010327237917706
    }
  },
  "fpl": {
    "vanilla": {
      "n": 18,
      "var_ratio_mean": 0.5264182802703645,
      "var_ratio_std": 0.3060789598679227,
      "log_sp_mse_mean": 2.0461710857020483,
      "log_sp_mse_std": 0.9368993294146173,
      "log_tp_mse_mean": 1.1188807007339265,
      "log_tp_mse_std": 0.513310595018405,
      "rel_l2_mean": 0.3815864639149772,
      "rel_l2_std": 0.27026645518981707
    },
    "spectral": {
      "n": 18,
      "var_ratio_mean": 0.9670522842142317,
      "var_ratio_std": 0.05465422447152224,
      "log_sp_mse_mean": 0.08998330454859468,
      "log_sp_mse_std": 0.041085714095842996,
      "log_tp_mse_mean": 0.07672903127968311,
      "log_tp_mse_std": 0.023353490858433475,
      "rel_l2_mean": 1.077189005083508,
      "rel_l2_std": 0.6381460738404866
    }
  }
}