{
  "ok": 10,
  "fail": 0,
  "results": {
    "burgers": {
      "vanilla": {
        "val": 0.017155122011899948,
        "minutes": 2.2312411705652875
      },
      "spectral": {
        "val": 0.41576680541038513,
        "minutes": 2.199912707010905
      }
    },
    "heston": {
      "vanilla": {
        "val": 0.0018616163870319724,
        "minutes": 2.0041669527689616
      },
      "spectral": {
        "val": 3.6687631607055664,
        "minutes": 2.0008419791857404
      }
    },
    "ns2d": {
      "vanilla": {
        "val": 0.004904542583972216,
        "minutes": 17.04094223578771
      },
      "spectral": {
        "val": 13.759899139404297,
        "minutes": 19.278082835674287
      }
    },
    "bs_levy": {
      "vanilla": {
        "val": 0.1385778784751892,
        "minutes": 17.22832635243734
      },
      "spectral": {
        "val": 3.2501015663146973,
        "minutes": 14.056152510643006
      }
    },
    "fpl": {
      "vanilla": {
        "val": 0.003615313908085227,
        "minutes": 2.3890291333198546
      },
      "spectral": {
        "val": 0.46149975061416626,
        "minutes": 2.0066264986991884
      }
    }
  },
  "total_hours": 1.341843512919214
}